Line,Time,Remark
1,2022_04_22 23:13:47.175376,EB68171873,ENE,Address60 Part:,EB 60
,,"STRUCTURE=DIRT, VOLTAGE=31.2, GROUND=HYDRANT, MSPLATE=28E, HARMONIC=30.2, V NON-SHUNT=76.9, STATUS=CREW WAITING"
2,2022_04_23 00:14:19.575376,EB68171873: Comment: LOAD TEST SUCCEEDED AT 9:49HRS
3,2022_04_23 02:08:44.775376,EB68171873: Comment: 60.6 VOLTS
4,2022_04_23 03:42:20.175376,EB68171873: Comment: CREW NOTIFIED
5,2022_04_23 05:07:22.575376,EB68171873: Comment: 30% HARMONICS
6,2022_04_23 07:03:06.975376,EB68171873: Comment: FLUSH NEEDED
7,2022_04_23 08:31:57.375376,EB68171873: Comment: 2.1 VOLTS REMAINING
8,2022_04_23 11:11:45.975376,EB68171873: Comment: FROM 83Z TO 37R
